"Source File","Line Number","Rule ID","Rule Name","Description"
"Authentication/ActiveDirectoryDeps.cs","20","cr-dotnet-0055","ActiveDirectory Dependencies","Application integrates with Active Directory through System.DirectoryServices for authentication, authorization, or user management. AD integration assumes on-premises infrastructure and doesn't work in cloud-native applications without complex hybrid configurations."
"Authentication/ActiveDirectoryDeps.cs","34","cr-dotnet-0055","ActiveDirectory Dependencies","Application integrates with Active Directory through System.DirectoryServices for authentication, authorization, or user management. AD integration assumes on-premises infrastructure and doesn't work in cloud-native applications without complex hybrid configurations."
"Authentication/ActiveDirectoryDeps.cs","46","cr-dotnet-0055","ActiveDirectory Dependencies","Application integrates with Active Directory through System.DirectoryServices for authentication, authorization, or user management. AD integration assumes on-premises infrastructure and doesn't work in cloud-native applications without complex hybrid configurations."
"Authentication/CertificateStoreAccess.cs","17","cr-dotnet-0032","Certificate Store Access","Application accesses the Windows Certificate Store using X509Store or certificate management APIs. Windows Certificate Store doesn't exist on non-Windows cloud platforms, causing certificate loading failures."
"Authentication/CertificateStoreAccess.cs","29","cr-dotnet-0032","Certificate Store Access","Application accesses the Windows Certificate Store using X509Store or certificate management APIs. Windows Certificate Store doesn't exist on non-Windows cloud platforms, causing certificate loading failures."
"Authentication/CertificateStoreAccess.cs","41","cr-dotnet-0032","Certificate Store Access","Application accesses the Windows Certificate Store using X509Store or certificate management APIs. Windows Certificate Store doesn't exist on non-Windows cloud platforms, causing certificate loading failures."
"Authentication/FormsAuthentication.cs","20","cr-dotnet-0029","Forms Authentication","Application uses ASP.NET Forms Authentication for user authentication and session management. Forms Authentication relies on machine keys and server affinity, which don't work in distributed cloud environments with load balancing."
"Authentication/FormsAuthentication.cs","27","cr-dotnet-0029","Forms Authentication","Application uses ASP.NET Forms Authentication for user authentication and session management. Forms Authentication relies on machine keys and server affinity, which don't work in distributed cloud environments with load balancing."
"Authentication/FormsAuthentication.cs","33","cr-dotnet-0029","Forms Authentication","Application uses ASP.NET Forms Authentication for user authentication and session management. Forms Authentication relies on machine keys and server affinity, which don't work in distributed cloud environments with load balancing."
"Authentication/FormsAuthentication.cs","43","cr-dotnet-0029","Forms Authentication","Application uses ASP.NET Forms Authentication for user authentication and session management. Forms Authentication relies on machine keys and server affinity, which don't work in distributed cloud environments with load balancing."
"Authentication/IPAddressRestrictions.cs","17","cr-dotnet-0031","IP Address Restrictions","Application implements IP address-based security restrictions or access control mechanisms. Cloud load balancers and reverse proxies mask original client IP addresses, causing IP-based security rules to fail or incorrectly block/allow access."
"Authentication/IPAddressRestrictions.cs","25","cr-dotnet-0031","IP Address Restrictions","Application implements IP address-based security restrictions or access control mechanisms. Cloud load balancers and reverse proxies mask original client IP addresses, causing IP-based security rules to fail or incorrectly block/allow access."
"Authentication/IPAddressRestrictions.cs","31","cr-dotnet-0031","IP Address Restrictions","Application implements IP address-based security restrictions or access control mechanisms. Cloud load balancers and reverse proxies mask original client IP addresses, causing IP-based security rules to fail or incorrectly block/allow access."
"Authentication/IPAddressRestrictions.cs","42","cr-dotnet-0031","IP Address Restrictions","Application implements IP address-based security restrictions or access control mechanisms. Cloud load balancers and reverse proxies mask original client IP addresses, causing IP-based security rules to fail or incorrectly block/allow access."
"Authentication/WindowsAuthentication.cs","18","cr-dotnet-0030","Windows Authentication","Application uses Windows Authentication (NTLM/Kerberos) for user authentication. Windows Authentication doesn't work in non-Windows cloud platforms or cloud environments without Active Directory integration."
"Authentication/WindowsAuthentication.cs","24","cr-dotnet-0030","Windows Authentication","Application uses Windows Authentication (NTLM/Kerberos) for user authentication. Windows Authentication doesn't work in non-Windows cloud platforms or cloud environments without Active Directory integration."
"Authentication/WindowsAuthentication.cs","31","cr-dotnet-0030","Windows Authentication","Application uses Windows Authentication (NTLM/Kerberos) for user authentication. Windows Authentication doesn't work in non-Windows cloud platforms or cloud environments without Active Directory integration."
"Authentication/WindowsAuthentication.cs","40","cr-dotnet-0030","Windows Authentication","Application uses Windows Authentication (NTLM/Kerberos) for user authentication. Windows Authentication doesn't work in non-Windows cloud platforms or cloud environments without Active Directory integration."
"Configuration/HardCodedConnectionStrings.cs","15","cr-dotnet-0009","Hard-coded Connection Strings","Application contains database connection strings directly embedded in source code, configuration files, or compiled assemblies. This creates security vulnerabilities, prevents environment-specific configuration, and violates security best practices for credential management in cloud environments."
"Configuration/HardCodedConnectionStrings.cs","31","cr-dotnet-0009","Hard-coded Connection Strings","Application contains database connection strings directly embedded in source code, configuration files, or compiled assemblies. This creates security vulnerabilities, prevents environment-specific configuration, and violates security best practices for credential management in cloud environments."
"Configuration/HardCodedPortNumbers.cs","16","cr-dotnet-0017","Hard-coded Port Numbers","Application contains hard-coded port numbers for services, databases, or inter-service communication embedded in code or configuration. This prevents dynamic port assignment required by cloud service discovery mechanisms and can cause port conflicts."
"Configuration/HardCodedPortNumbers.cs","24","cr-dotnet-0017","Hard-coded Port Numbers","Application contains hard-coded port numbers for services, databases, or inter-service communication embedded in code or configuration. This prevents dynamic port assignment required by cloud service discovery mechanisms and can cause port conflicts."
"Configuration/HardCodedPortNumbers.cs","30","cr-dotnet-0017","Hard-coded Port Numbers","Application contains hard-coded port numbers for services, databases, or inter-service communication embedded in code or configuration. This prevents dynamic port assignment required by cloud service discovery mechanisms and can cause port conflicts."
"Configuration/HardCodedSecrets.cs","15","cr-dotnet-0123","Lack of Externalized Secrets","Application embeds API keys, authentication tokens, database passwords, or encryption keys directly in source code, app.config, web.config, appsettings.json, or other configuration files instead of using cloud-native secret management services. This creates security vulnerabilities and prevents proper credential lifecycle management."
"Configuration/HardCodedSecrets.cs","31","cr-dotnet-0123","Lack of Externalized Secrets","Application embeds API keys, authentication tokens, database passwords, or encryption keys directly in source code, app.config, web.config, appsettings.json, or other configuration files instead of using cloud-native secret management services. This creates security vulnerabilities and prevents proper credential lifecycle management."
"Configuration/HardCodedServiceUrls.cs","16","cr-dotnet-0011","Hard-coded Service URLs","Application contains hard-coded URLs pointing to environment-specific services, APIs, or endpoints embedded in code or configuration. This prevents application portability across cloud environments and requires code changes for deployment to different environments, violating externalized configuration principles."
"Configuration/HardCodedServiceUrls.cs","24","cr-dotnet-0011","Hard-coded Service URLs","Application contains hard-coded URLs pointing to environment-specific services, APIs, or endpoints embedded in code or configuration. This prevents application portability across cloud environments and requires code changes for deployment to different environments, violating externalized configuration principles."
"Configuration/MachineConfigDeps.cs","18","cr-dotnet-0012","Machine.config Dependencies","Application depends on machine.config file for machine-wide configuration settings. Machine.config is a Windows/.NET Framework concept that doesn't exist in containerized environments, causing configuration loading failures and preventing containerization."
"Configuration/MachineConfigDeps.cs","25","cr-dotnet-0012","Machine.config Dependencies","Application depends on machine.config file for machine-wide configuration settings. Machine.config is a Windows/.NET Framework concept that doesn't exist in containerized environments, causing configuration loading failures and preventing containerization."
"Configuration/WebConfigTransformations.cs","19","cr-dotnet-0010","Web.config Transformations","Application relies on Web.config transformation files for environment-specific configuration. These build-time transformations don't work effectively in cloud deployment pipelines where configuration should be externalized and runtime-configurable."
"Configuration/WebConfigTransformations.cs","25","cr-dotnet-0010","Web.config Transformations","Application relies on Web.config transformation files for environment-specific configuration. These build-time transformations don't work effectively in cloud deployment pipelines where configuration should be externalized and runtime-configurable."
"Configuration/WebConfigTransformations.cs","31","cr-dotnet-0010","Web.config Transformations","Application relies on Web.config transformation files for environment-specific configuration. These build-time transformations don't work effectively in cloud deployment pipelines where configuration should be externalized and runtime-configurable."
"Database/SqlConnectionDirect.cs","20","cr-dotnet-0013","SqlConnection Direct Usage","Application manages SQL Server connections directly without using connection pooling frameworks or cloud-managed connection services. Direct SqlConnection management prevents efficient resource utilization and integration with cloud database connection pooling mechanisms."
"Database/SqlConnectionDirect.cs","32","cr-dotnet-0013","SqlConnection Direct Usage","Application manages SQL Server connections directly without using connection pooling frameworks or cloud-managed connection services. Direct SqlConnection management prevents efficient resource utilization and integration with cloud database connection pooling mechanisms."
"Database/SqlDependencyUsage.cs","20","cr-dotnet-0015","SqlDependency Usage","Application uses SqlDependency or SqlCacheDependency for database change notifications. These features require specific SQL Server configurations and don't work reliably in cloud database services, causing notification failures."
"Database/SqlDependencyUsage.cs","30","cr-dotnet-0015","SqlDependency Usage","Application uses SqlDependency or SqlCacheDependency for database change notifications. These features require specific SQL Server configurations and don't work reliably in cloud database services, causing notification failures."
"Database/SqlDependencyUsage.cs","39","cr-dotnet-0015","SqlDependency Usage","Application uses SqlDependency or SqlCacheDependency for database change notifications. These features require specific SQL Server configurations and don't work reliably in cloud database services, causing notification failures."
"Database/SqlServerSpecific.cs","20","cr-dotnet-0014","SQL Server Specific Features","Application uses SQL Server-specific features, T-SQL extensions, or proprietary functionality that ties the application to SQL Server databases. This reduces database portability and flexibility in cloud database service selection."
"Database/SqlServerSpecific.cs","37","cr-dotnet-0014","SQL Server Specific Features","Application uses SQL Server-specific features, T-SQL extensions, or proprietary functionality that ties the application to SQL Server databases. This reduces database portability and flexibility in cloud database service selection."
"Database/SqlServerSpecific.cs","54","cr-dotnet-0014","SQL Server Specific Features","Application uses SQL Server-specific features, T-SQL extensions, or proprietary functionality that ties the application to SQL Server databases. This reduces database portability and flexibility in cloud database service selection."
"Database/TransactionScopeWithDTC.cs","21","cr-dotnet-0016","TransactionScope with DTC","Application uses System.Transactions.TransactionScope with Distributed Transaction Coordinator (DTC) for distributed transactions. DTC doesn't work in cloud environments, causing transaction failures and data consistency issues."
"Database/TransactionScopeWithDTC.cs","31","cr-dotnet-0016","TransactionScope with DTC","Application uses System.Transactions.TransactionScope with Distributed Transaction Coordinator (DTC) for distributed transactions. DTC doesn't work in cloud environments, causing transaction failures and data consistency issues."
"Database/TransactionScopeWithDTC.cs","45","cr-dotnet-0016","TransactionScope with DTC","Application uses System.Transactions.TransactionScope with Distributed Transaction Coordinator (DTC) for distributed transactions. DTC doesn't work in cloud environments, causing transaction failures and data consistency issues."
"ExternalServices/SMTPLocalServer.cs","19","cr-dotnet-0056","SMTP Local Server","Application assumes a local SMTP server installation for email functionality through System.Net.Mail.SmtpClient with localhost configuration. Local SMTP servers don't exist in cloud environments."
"ExternalServices/SMTPLocalServer.cs","22","cr-dotnet-0056","SMTP Local Server","Application assumes a local SMTP server installation for email functionality through System.Net.Mail.SmtpClient with localhost configuration. Local SMTP servers don't exist in cloud environments."
"ExternalServices/SMTPLocalServer.cs","27","cr-dotnet-0056","SMTP Local Server","Application assumes a local SMTP server installation for email functionality through System.Net.Mail.SmtpClient with localhost configuration. Local SMTP servers don't exist in cloud environments."
"ExternalServices/SMTPLocalServer.cs","42","cr-dotnet-0056","SMTP Local Server","Application assumes a local SMTP server installation for email functionality through System.Net.Mail.SmtpClient with localhost configuration. Local SMTP servers don't exist in cloud environments."
"ExternalServices/SMTPLocalServer.cs","62","cr-dotnet-0056","SMTP Local Server","Application assumes a local SMTP server installation for email functionality through System.Net.Mail.SmtpClient with localhost configuration. Local SMTP servers don't exist in cloud environments."
"ExternalServices/SMTPLocalServer.cs","67","cr-dotnet-0056","SMTP Local Server","Application assumes a local SMTP server installation for email functionality through System.Net.Mail.SmtpClient with localhost configuration. Local SMTP servers don't exist in cloud environments."
"ExternalServices/SMTPLocalServer.cs","78","cr-dotnet-0056","SMTP Local Server","Application assumes a local SMTP server installation for email functionality through System.Net.Mail.SmtpClient with localhost configuration. Local SMTP servers don't exist in cloud environments."
"FileSystem/DirectoryGetFilesUsage.cs","19","cr-dotnet-0004","Directory.GetFiles Usage","Application uses Directory.GetFiles, Directory.EnumerateFiles, or similar methods to scan local directories for file discovery or processing. This assumes persistent directory structures that may vary across cloud deployment environments."
"FileSystem/DirectoryGetFilesUsage.cs","25","cr-dotnet-0004","Directory.GetFiles Usage","Application uses Directory.GetFiles, Directory.EnumerateFiles, or similar methods to scan local directories for file discovery or processing. This assumes persistent directory structures that may vary across cloud deployment environments."
"FileSystem/DirectoryGetFilesUsage.cs","32","cr-dotnet-0004","Directory.GetFiles Usage","Application uses Directory.GetFiles, Directory.EnumerateFiles, or similar methods to scan local directories for file discovery or processing. This assumes persistent directory structures that may vary across cloud deployment environments."
"FileSystem/DirectoryGetFilesUsage.cs","40","cr-dotnet-0004","Directory.GetFiles Usage","Application uses Directory.GetFiles, Directory.EnumerateFiles, or similar methods to scan local directories for file discovery or processing. This assumes persistent directory structures that may vary across cloud deployment environments."
"FileSystem/HardCodedFilePaths.cs","15","cr-dotnet-0001","Hard-coded File Paths","Application contains absolute Windows file paths (C:\, D:\) or hard-coded directory references that assume specific Windows file system structures. In cloud environments with different file system structures, these paths may not exist and cause runtime failures."
"FileSystem/HardCodedFilePaths.cs","22","cr-dotnet-0001","Hard-coded File Paths","Application contains absolute Windows file paths (C:\, D:\) or hard-coded directory references that assume specific Windows file system structures. In cloud environments with different file system structures, these paths may not exist and cause runtime failures."
"FileSystem/HardCodedFilePaths.cs","28","cr-dotnet-0001","Hard-coded File Paths","Application contains absolute Windows file paths (C:\, D:\) or hard-coded directory references that assume specific Windows file system structures. In cloud environments with different file system structures, these paths may not exist and cause runtime failures."
"FileSystem/HardCodedFilePaths.cs","36","cr-dotnet-0001","Hard-coded File Paths","Application contains absolute Windows file paths (C:\, D:\) or hard-coded directory references that assume specific Windows file system structures. In cloud environments with different file system structures, these paths may not exist and cause runtime failures."
"FileSystem/HardCodedTempPaths.cs","15","cr-dotnet-0054","Hard-coded Temp Paths","Application contains hard-coded references to Windows temporary directories like C:\Temp or assumes Windows-style path separators. These paths don't exist on non-Windows cloud platforms."
"FileSystem/HardCodedTempPaths.cs","21","cr-dotnet-0054","Hard-coded Temp Paths","Application contains hard-coded references to Windows temporary directories like C:\Temp or assumes Windows-style path separators. These paths don't exist on non-Windows cloud platforms."
"FileSystem/HardCodedTempPaths.cs","30","cr-dotnet-0054","Hard-coded Temp Paths","Application contains hard-coded references to Windows temporary directories like C:\Temp or assumes Windows-style path separators. These paths don't exist on non-Windows cloud platforms."
"FileSystem/HardCodedTempPaths.cs","37","cr-dotnet-0054","Hard-coded Temp Paths","Application contains hard-coded references to Windows temporary directories like C:\Temp or assumes Windows-style path separators. These paths don't exist on non-Windows cloud platforms."
"FileSystem/HardCodedTempPaths.cs","43","cr-dotnet-0054","Hard-coded Temp Paths","Application contains hard-coded references to Windows temporary directories like C:\Temp or assumes Windows-style path separators. These paths don't exist on non-Windows cloud platforms."
"FileSystem/LocalFileSystemWrite.cs","19","cr-dotnet-0002","Local File System Write Operations","Application performs direct write operations to local file system locations using System.IO for data persistence or temporary storage. In cloud environments with ephemeral or managed storage, local file system data may not persist across instance changes."
"FileSystem/LocalFileSystemWrite.cs","26","cr-dotnet-0002","Local File System Write Operations","Application performs direct write operations to local file system locations using System.IO for data persistence or temporary storage. In cloud environments with ephemeral or managed storage, local file system data may not persist across instance changes."
"FileSystem/LocalFileSystemWrite.cs","33","cr-dotnet-0002","Local File System Write Operations","Application performs direct write operations to local file system locations using System.IO for data persistence or temporary storage. In cloud environments with ephemeral or managed storage, local file system data may not persist across instance changes."
"FileSystem/SystemIOFileStorage.cs","19","cr-dotnet-0003","System.IO.File for Data Storage","Application uses System.IO.File API for persistent data storage operations instead of cloud storage services. This approach limits scalability and violates cloud-native storage patterns where data should be externalized."
"FileSystem/SystemIOFileStorage.cs","32","cr-dotnet-0003","System.IO.File for Data Storage","Application uses System.IO.File API for persistent data storage operations instead of cloud storage services. This approach limits scalability and violates cloud-native storage patterns where data should be externalized."
"LegacyFramework/AssemblyGACRefs.cs","18","cr-dotnet-0049","Assembly GAC References","Application references assemblies installed in the Global Assembly Cache (GAC) through strong-named references. GAC doesn't exist in cloud platforms, causing assembly loading failures and preventing application startup."
"LegacyFramework/AssemblyGACRefs.cs","23","cr-dotnet-0049","Assembly GAC References","Application references assemblies installed in the Global Assembly Cache (GAC) through strong-named references. GAC doesn't exist in cloud platforms, causing assembly loading failures and preventing application startup."
"LegacyFramework/AssemblyGACRefs.cs","29","cr-dotnet-0049","Assembly GAC References","Application references assemblies installed in the Global Assembly Cache (GAC) through strong-named references. GAC doesn't exist in cloud platforms, causing assembly loading failures and preventing application startup."
"LegacyFramework/AssemblyGACRefs.cs","36","cr-dotnet-0049","Assembly GAC References","Application references assemblies installed in the Global Assembly Cache (GAC) through strong-named references. GAC doesn't exist in cloud platforms, causing assembly loading failures and preventing application startup."
"LegacyFramework/AssemblyGACRefs.cs","44","cr-dotnet-0049","Assembly GAC References","Application references assemblies installed in the Global Assembly Cache (GAC) through strong-named references. GAC doesn't exist in cloud platforms, causing assembly loading failures and preventing application startup."
"LegacyFramework/AssemblyGACRefs.cs","59","cr-dotnet-0049","Assembly GAC References","Application references assemblies installed in the Global Assembly Cache (GAC) through strong-named references. GAC doesn't exist in cloud platforms, causing assembly loading failures and preventing application startup."
"LegacyFramework/BizTalkArtifacts.cs","19","cr-dotnet-0059","BizTalk Artifacts","Application includes BizTalk Server components, orchestrations, or pipeline artifacts that depend on BizTalk Server runtime. BizTalk components are not cloud-compatible and require dedicated BizTalk Server infrastructure."
"LegacyFramework/BizTalkArtifacts.cs","22","cr-dotnet-0059","BizTalk Artifacts","Application includes BizTalk Server components, orchestrations, or pipeline artifacts that depend on BizTalk Server runtime. BizTalk components are not cloud-compatible and require dedicated BizTalk Server infrastructure."
"LegacyFramework/BizTalkArtifacts.cs","29","cr-dotnet-0059","BizTalk Artifacts","Application includes BizTalk Server components, orchestrations, or pipeline artifacts that depend on BizTalk Server runtime. BizTalk components are not cloud-compatible and require dedicated BizTalk Server infrastructure."
"LegacyFramework/BizTalkArtifacts.cs","32","cr-dotnet-0059","BizTalk Artifacts","Application includes BizTalk Server components, orchestrations, or pipeline artifacts that depend on BizTalk Server runtime. BizTalk components are not cloud-compatible and require dedicated BizTalk Server infrastructure."
"LegacyFramework/BizTalkArtifacts.cs","49","cr-dotnet-0059","BizTalk Artifacts","Application includes BizTalk Server components, orchestrations, or pipeline artifacts that depend on BizTalk Server runtime. BizTalk components are not cloud-compatible and require dedicated BizTalk Server infrastructure."
"LegacyFramework/BizTalkArtifacts.cs","66","cr-dotnet-0059","BizTalk Artifacts","Application includes BizTalk Server components, orchestrations, or pipeline artifacts that depend on BizTalk Server runtime. BizTalk components are not cloud-compatible and require dedicated BizTalk Server infrastructure."
"LegacyFramework/BizTalkArtifacts.cs","69","cr-dotnet-0059","BizTalk Artifacts","Application includes BizTalk Server components, orchestrations, or pipeline artifacts that depend on BizTalk Server runtime. BizTalk components are not cloud-compatible and require dedicated BizTalk Server infrastructure."
"LegacyFramework/BizTalkArtifacts.cs","72","cr-dotnet-0059","BizTalk Artifacts","Application includes BizTalk Server components, orchestrations, or pipeline artifacts that depend on BizTalk Server runtime. BizTalk components are not cloud-compatible and require dedicated BizTalk Server infrastructure."
"LegacyFramework/BizTalkArtifacts.cs","78","cr-dotnet-0059","BizTalk Artifacts","Application includes BizTalk Server components, orchestrations, or pipeline artifacts that depend on BizTalk Server runtime. BizTalk components are not cloud-compatible and require dedicated BizTalk Server infrastructure."
"LegacyFramework/ClickOnceDeployment.cs","18","cr-dotnet-0048","ClickOnce Deployment","Application uses ClickOnce deployment technology for application distribution and updates. ClickOnce assumes desktop deployment scenarios that don't apply to cloud-hosted applications and services."
"LegacyFramework/ClickOnceDeployment.cs","26","cr-dotnet-0048","ClickOnce Deployment","Application uses ClickOnce deployment technology for application distribution and updates. ClickOnce assumes desktop deployment scenarios that don't apply to cloud-hosted applications and services."
"LegacyFramework/ClickOnceDeployment.cs","30","cr-dotnet-0048","ClickOnce Deployment","Application uses ClickOnce deployment technology for application distribution and updates. ClickOnce assumes desktop deployment scenarios that don't apply to cloud-hosted applications and services."
"LegacyFramework/ClickOnceDeployment.cs","52","cr-dotnet-0048","ClickOnce Deployment","Application uses ClickOnce deployment technology for application distribution and updates. ClickOnce assumes desktop deployment scenarios that don't apply to cloud-hosted applications and services."
"LegacyFramework/ClickOnceDeployment.cs","69","cr-dotnet-0048","ClickOnce Deployment","Application uses ClickOnce deployment technology for application distribution and updates. ClickOnce assumes desktop deployment scenarios that don't apply to cloud-hosted applications and services."
"LegacyFramework/ClickOnceDeployment.cs","73","cr-dotnet-0048","ClickOnce Deployment","Application uses ClickOnce deployment technology for application distribution and updates. ClickOnce assumes desktop deployment scenarios that don't apply to cloud-hosted applications and services."
"LegacyFramework/ClickOnceDeployment.cs","82","cr-dotnet-0048","ClickOnce Deployment","Application uses ClickOnce deployment technology for application distribution and updates. ClickOnce assumes desktop deployment scenarios that don't apply to cloud-hosted applications and services."
"LegacyFramework/CrystalReports.cs","20","cr-dotnet-0057","Crystal Reports Usage","Application uses Crystal Reports for report generation through CrystalDecisions assemblies. Crystal Reports runtime components are not available in cloud environments, preventing report generation functionality."
"LegacyFramework/CrystalReports.cs","23","cr-dotnet-0057","Crystal Reports Usage","Application uses Crystal Reports for report generation through CrystalDecisions assemblies. Crystal Reports runtime components are not available in cloud environments, preventing report generation functionality."
"LegacyFramework/CrystalReports.cs","29","cr-dotnet-0057","Crystal Reports Usage","Application uses Crystal Reports for report generation through CrystalDecisions assemblies. Crystal Reports runtime components are not available in cloud environments, preventing report generation functionality."
"LegacyFramework/CrystalReports.cs","38","cr-dotnet-0057","Crystal Reports Usage","Application uses Crystal Reports for report generation through CrystalDecisions assemblies. Crystal Reports runtime components are not available in cloud environments, preventing report generation functionality."
"LegacyFramework/CrystalReports.cs","45","cr-dotnet-0057","Crystal Reports Usage","Application uses Crystal Reports for report generation through CrystalDecisions assemblies. Crystal Reports runtime components are not available in cloud environments, preventing report generation functionality."
"LegacyFramework/CrystalReports.cs","59","cr-dotnet-0057","Crystal Reports Usage","Application uses Crystal Reports for report generation through CrystalDecisions assemblies. Crystal Reports runtime components are not available in cloud environments, preventing report generation functionality."
"LegacyFramework/CrystalReports.cs","66","cr-dotnet-0057","Crystal Reports Usage","Application uses Crystal Reports for report generation through CrystalDecisions assemblies. Crystal Reports runtime components are not available in cloud environments, preventing report generation functionality."
"LegacyFramework/CrystalReports.cs","72","cr-dotnet-0057","Crystal Reports Usage","Application uses Crystal Reports for report generation through CrystalDecisions assemblies. Crystal Reports runtime components are not available in cloud environments, preventing report generation functionality."
"LegacyFramework/DotNetFrameworkVersion.cs","28","cr-dotnet-0025",".NET Framework < 4.6.1","Application targets .NET Framework versions prior to 4.6.1, missing important cloud-friendly features like improved TLS support, enhanced cryptography, and compatibility improvements essential for reliable cloud deployment."
"LegacyFramework/DotNetFrameworkVersion.cs","39","cr-dotnet-0025",".NET Framework < 4.6.1","Application targets .NET Framework versions prior to 4.6.1, missing important cloud-friendly features like improved TLS support, enhanced cryptography, and compatibility improvements essential for reliable cloud deployment."
"LegacyFramework/DotNetFrameworkVersion.cs","51","cr-dotnet-0025",".NET Framework < 4.6.1","Application targets .NET Framework versions prior to 4.6.1, missing important cloud-friendly features like improved TLS support, enhanced cryptography, and compatibility improvements essential for reliable cloud deployment."
"LegacyFramework/EnterpriseLibrary.cs","22","cr-dotnet-0028","Enterprise Library Usage","Application depends on Microsoft Enterprise Library for logging, data access, or exception handling. Enterprise Library is legacy technology that lacks cloud optimization and modern async patterns."
"LegacyFramework/EnterpriseLibrary.cs","27","cr-dotnet-0028","Enterprise Library Usage","Application depends on Microsoft Enterprise Library for logging, data access, or exception handling. Enterprise Library is legacy technology that lacks cloud optimization and modern async patterns."
"LegacyFramework/EnterpriseLibrary.cs","33","cr-dotnet-0028","Enterprise Library Usage","Application depends on Microsoft Enterprise Library for logging, data access, or exception handling. Enterprise Library is legacy technology that lacks cloud optimization and modern async patterns."
"LegacyFramework/EnterpriseLibrary.cs","37","cr-dotnet-0028","Enterprise Library Usage","Application depends on Microsoft Enterprise Library for logging, data access, or exception handling. Enterprise Library is legacy technology that lacks cloud optimization and modern async patterns."
"LegacyFramework/EnterpriseLibrary.cs","55","cr-dotnet-0028","Enterprise Library Usage","Application depends on Microsoft Enterprise Library for logging, data access, or exception handling. Enterprise Library is legacy technology that lacks cloud optimization and modern async patterns."
"LegacyFramework/EnterpriseLibrary.cs","58","cr-dotnet-0028","Enterprise Library Usage","Application depends on Microsoft Enterprise Library for logging, data access, or exception handling. Enterprise Library is legacy technology that lacks cloud optimization and modern async patterns."
"LegacyFramework/EnterpriseLibrary.cs","87","cr-dotnet-0028","Enterprise Library Usage","Application depends on Microsoft Enterprise Library for logging, data access, or exception handling. Enterprise Library is legacy technology that lacks cloud optimization and modern async patterns."
"LegacyFramework/EnterpriseLibrary.cs","98","cr-dotnet-0028","Enterprise Library Usage","Application depends on Microsoft Enterprise Library for logging, data access, or exception handling. Enterprise Library is legacy technology that lacks cloud optimization and modern async patterns."
"LegacyFramework/MSBuildCustomTasks.cs","17","cr-dotnet-0047","MSBuild Custom Tasks","Application build process depends on custom MSBuild tasks that assume specific build server configurations. These dependencies prevent successful builds in cloud build systems."
"LegacyFramework/MSBuildCustomTasks.cs","20","cr-dotnet-0047","MSBuild Custom Tasks","Application build process depends on custom MSBuild tasks that assume specific build server configurations. These dependencies prevent successful builds in cloud build systems."
"LegacyFramework/MSBuildCustomTasks.cs","24","cr-dotnet-0047","MSBuild Custom Tasks","Application build process depends on custom MSBuild tasks that assume specific build server configurations. These dependencies prevent successful builds in cloud build systems."
"LegacyFramework/MSBuildCustomTasks.cs","32","cr-dotnet-0047","MSBuild Custom Tasks","Application build process depends on custom MSBuild tasks that assume specific build server configurations. These dependencies prevent successful builds in cloud build systems."
"LegacyFramework/MSBuildCustomTasks.cs","49","cr-dotnet-0047","MSBuild Custom Tasks","Application build process depends on custom MSBuild tasks that assume specific build server configurations. These dependencies prevent successful builds in cloud build systems."
"LegacyFramework/MSBuildCustomTasks.cs","64","cr-dotnet-0047","MSBuild Custom Tasks","Application build process depends on custom MSBuild tasks that assume specific build server configurations. These dependencies prevent successful builds in cloud build systems."
"LegacyFramework/MSBuildCustomTasks.cs","70","cr-dotnet-0047","MSBuild Custom Tasks","Application build process depends on custom MSBuild tasks that assume specific build server configurations. These dependencies prevent successful builds in cloud build systems."
"LegacyFramework/MSBuildCustomTasks.cs","81","cr-dotnet-0047","MSBuild Custom Tasks","Application build process depends on custom MSBuild tasks that assume specific build server configurations. These dependencies prevent successful builds in cloud build systems."
"LegacyFramework/SharePointDependencies.cs","20","cr-dotnet-0058","SharePoint Dependencies","Application depends on Microsoft SharePoint APIs through Microsoft.SharePoint assemblies for document management or workflow features. SharePoint APIs assume on-premises SharePoint deployment and don't work in cloud-native applications."
"LegacyFramework/SharePointDependencies.cs","23","cr-dotnet-0058","SharePoint Dependencies","Application depends on Microsoft SharePoint APIs through Microsoft.SharePoint assemblies for document management or workflow features. SharePoint APIs assume on-premises SharePoint deployment and don't work in cloud-native applications."
"LegacyFramework/SharePointDependencies.cs","29","cr-dotnet-0058","SharePoint Dependencies","Application depends on Microsoft SharePoint APIs through Microsoft.SharePoint assemblies for document management or workflow features. SharePoint APIs assume on-premises SharePoint deployment and don't work in cloud-native applications."
"LegacyFramework/SharePointDependencies.cs","32","cr-dotnet-0058","SharePoint Dependencies","Application depends on Microsoft SharePoint APIs through Microsoft.SharePoint assemblies for document management or workflow features. SharePoint APIs assume on-premises SharePoint deployment and don't work in cloud-native applications."
"LegacyFramework/SharePointDependencies.cs","41","cr-dotnet-0058","SharePoint Dependencies","Application depends on Microsoft SharePoint APIs through Microsoft.SharePoint assemblies for document management or workflow features. SharePoint APIs assume on-premises SharePoint deployment and don't work in cloud-native applications."
"LegacyFramework/SharePointDependencies.cs","55","cr-dotnet-0058","SharePoint Dependencies","Application depends on Microsoft SharePoint APIs through Microsoft.SharePoint assemblies for document management or workflow features. SharePoint APIs assume on-premises SharePoint deployment and don't work in cloud-native applications."
"LegacyFramework/SharePointDependencies.cs","63","cr-dotnet-0058","SharePoint Dependencies","Application depends on Microsoft SharePoint APIs through Microsoft.SharePoint assemblies for document management or workflow features. SharePoint APIs assume on-premises SharePoint deployment and don't work in cloud-native applications."
"LegacyFramework/SharePointDependencies.cs","72","cr-dotnet-0058","SharePoint Dependencies","Application depends on Microsoft SharePoint APIs through Microsoft.SharePoint assemblies for document management or workflow features. SharePoint APIs assume on-premises SharePoint deployment and don't work in cloud-native applications."
"LegacyFramework/WebFormsUsage.cs","17","cr-dotnet-0026","Web Forms Usage","Application uses ASP.NET Web Forms which has architectural patterns that create scalability challenges and heavy resource requirements. This reduces deployment efficiency and horizontal scaling capabilities in cloud environments."
"LegacyFramework/WebFormsUsage.cs","20","cr-dotnet-0026","Web Forms Usage","Application uses ASP.NET Web Forms which has architectural patterns that create scalability challenges and heavy resource requirements. This reduces deployment efficiency and horizontal scaling capabilities in cloud environments."
"LegacyFramework/WebFormsUsage.cs","27","cr-dotnet-0026","Web Forms Usage","Application uses ASP.NET Web Forms which has architectural patterns that create scalability challenges and heavy resource requirements. This reduces deployment efficiency and horizontal scaling capabilities in cloud environments."
"LegacyFramework/WebFormsUsage.cs","37","cr-dotnet-0026","Web Forms Usage","Application uses ASP.NET Web Forms which has architectural patterns that create scalability challenges and heavy resource requirements. This reduces deployment efficiency and horizontal scaling capabilities in cloud environments."
"LegacyFramework/WebFormsUsage.cs","55","cr-dotnet-0026","Web Forms Usage","Application uses ASP.NET Web Forms which has architectural patterns that create scalability challenges and heavy resource requirements. This reduces deployment efficiency and horizontal scaling capabilities in cloud environments."
"LegacyFramework/WebFormsUsage.cs","61","cr-dotnet-0026","Web Forms Usage","Application uses ASP.NET Web Forms which has architectural patterns that create scalability challenges and heavy resource requirements. This reduces deployment efficiency and horizontal scaling capabilities in cloud environments."
"LegacyFramework/WebFormsUsage.cs","71","cr-dotnet-0026","Web Forms Usage","Application uses ASP.NET Web Forms which has architectural patterns that create scalability challenges and heavy resource requirements. This reduces deployment efficiency and horizontal scaling capabilities in cloud environments."
"LegacyFramework/WebFormsUsage.cs","81","cr-dotnet-0026","Web Forms Usage","Application uses ASP.NET Web Forms which has architectural patterns that create scalability challenges and heavy resource requirements. This reduces deployment efficiency and horizontal scaling capabilities in cloud environments."
"LegacyFramework/WindowsServiceBase.cs","18","cr-dotnet-0060","Windows Service Base","Application inherits from System.ServiceProcess.ServiceBase class to implement Windows Services. Windows Services architecture doesn't work in cloud PaaS environments, which use different process models and lifecycle management."
"LegacyFramework/WindowsServiceBase.cs","26","cr-dotnet-0060","Windows Service Base","Application inherits from System.ServiceProcess.ServiceBase class to implement Windows Services. Windows Services architecture doesn't work in cloud PaaS environments, which use different process models and lifecycle management."
"LegacyFramework/WindowsServiceBase.cs","33","cr-dotnet-0060","Windows Service Base","Application inherits from System.ServiceProcess.ServiceBase class to implement Windows Services. Windows Services architecture doesn't work in cloud PaaS environments, which use different process models and lifecycle management."
"LegacyFramework/WindowsServiceBase.cs","46","cr-dotnet-0060","Windows Service Base","Application inherits from System.ServiceProcess.ServiceBase class to implement Windows Services. Windows Services architecture doesn't work in cloud PaaS environments, which use different process models and lifecycle management."
"LegacyFramework/WindowsServiceBase.cs","55","cr-dotnet-0060","Windows Service Base","Application inherits from System.ServiceProcess.ServiceBase class to implement Windows Services. Windows Services architecture doesn't work in cloud PaaS environments, which use different process models and lifecycle management."
"LegacyFramework/WindowsServiceBase.cs","68","cr-dotnet-0060","Windows Service Base","Application inherits from System.ServiceProcess.ServiceBase class to implement Windows Services. Windows Services architecture doesn't work in cloud PaaS environments, which use different process models and lifecycle management."
"LegacyFramework/WindowsServiceBase.cs","81","cr-dotnet-0060","Windows Service Base","Application inherits from System.ServiceProcess.ServiceBase class to implement Windows Services. Windows Services architecture doesn't work in cloud PaaS environments, which use different process models and lifecycle management."
"LegacyFramework/WindowsServiceBase.cs","91","cr-dotnet-0060","Windows Service Base","Application inherits from System.ServiceProcess.ServiceBase class to implement Windows Services. Windows Services architecture doesn't work in cloud PaaS environments, which use different process models and lifecycle management."
"Logging/EventLogWriting.cs","20","cr-dotnet-0033","EventLog Writing","Application writes to Windows Event Log using EventLog class or System.Diagnostics.EventLog. Windows Event Log doesn't exist on non-Windows cloud platforms, causing logging failures."
"Logging/EventLogWriting.cs","27","cr-dotnet-0033","EventLog Writing","Application writes to Windows Event Log using EventLog class or System.Diagnostics.EventLog. Windows Event Log doesn't exist on non-Windows cloud platforms, causing logging failures."
"Logging/EventLogWriting.cs","33","cr-dotnet-0033","EventLog Writing","Application writes to Windows Event Log using EventLog class or System.Diagnostics.EventLog. Windows Event Log doesn't exist on non-Windows cloud platforms, causing logging failures."
"Logging/EventLogWriting.cs","39","cr-dotnet-0033","EventLog Writing","Application writes to Windows Event Log using EventLog class or System.Diagnostics.EventLog. Windows Event Log doesn't exist on non-Windows cloud platforms, causing logging failures."
"Logging/Log4NetFileAppender.cs","19","cr-dotnet-0035","Custom Log4Net Appenders","Application uses log4net file appenders that write to local file system. In cloud environments with ephemeral storage, local file logs may be lost during instance lifecycle events."
"Logging/Log4NetFileAppender.cs","24","cr-dotnet-0035","Custom Log4Net Appenders","Application uses log4net file appenders that write to local file system. In cloud environments with ephemeral storage, local file logs may be lost during instance lifecycle events."
"Logging/Log4NetFileAppender.cs","30","cr-dotnet-0035","Custom Log4Net Appenders","Application uses log4net file appenders that write to local file system. In cloud environments with ephemeral storage, local file logs may be lost during instance lifecycle events."
"Logging/Log4NetFileAppender.cs","36","cr-dotnet-0035","Custom Log4Net Appenders","Application uses log4net file appenders that write to local file system. In cloud environments with ephemeral storage, local file logs may be lost during instance lifecycle events."
"Logging/TraceListenerFileOutput.cs","17","cr-dotnet-0034","TraceListener File Output","Application uses TraceListener implementations that write to local files for diagnostic output. In cloud environments with ephemeral storage, file-based trace output may be lost during instance changes."
"Logging/TraceListenerFileOutput.cs","25","cr-dotnet-0034","TraceListener File Output","Application uses TraceListener implementations that write to local files for diagnostic output. In cloud environments with ephemeral storage, file-based trace output may be lost during instance changes."
"Logging/TraceListenerFileOutput.cs","32","cr-dotnet-0034","TraceListener File Output","Application uses TraceListener implementations that write to local files for diagnostic output. In cloud environments with ephemeral storage, file-based trace output may be lost during instance changes."
"Memory/LargeObjectHeap.cs","20","cr-dotnet-0036","Large Object Heap Issues","Application allocates large objects (>85KB) that cause Large Object Heap (LOH) fragmentation. In containerized environments with memory limits, LOH fragmentation leads to memory pressure, inefficient garbage collection, and out-of-memory conditions causing container termination."
"Memory/LargeObjectHeap.cs","25","cr-dotnet-0036","Large Object Heap Issues","Application allocates large objects (>85KB) that cause Large Object Heap (LOH) fragmentation. In containerized environments with memory limits, LOH fragmentation leads to memory pressure, inefficient garbage collection, and out-of-memory conditions causing container termination."
"Memory/LargeObjectHeap.cs","34","cr-dotnet-0036","Large Object Heap Issues","Application allocates large objects (>85KB) that cause Large Object Heap (LOH) fragmentation. In containerized environments with memory limits, LOH fragmentation leads to memory pressure, inefficient garbage collection, and out-of-memory conditions causing container termination."
"Memory/LargeObjectHeap.cs","45","cr-dotnet-0036","Large Object Heap Issues","Application allocates large objects (>85KB) that cause Large Object Heap (LOH) fragmentation. In containerized environments with memory limits, LOH fragmentation leads to memory pressure, inefficient garbage collection, and out-of-memory conditions causing container termination."
"Memory/LargeObjectHeap.cs","62","cr-dotnet-0036","Large Object Heap Issues","Application allocates large objects (>85KB) that cause Large Object Heap (LOH) fragmentation. In containerized environments with memory limits, LOH fragmentation leads to memory pressure, inefficient garbage collection, and out-of-memory conditions causing container termination."
"Memory/LargeObjectHeap.cs","68","cr-dotnet-0036","Large Object Heap Issues","Application allocates large objects (>85KB) that cause Large Object Heap (LOH) fragmentation. In containerized environments with memory limits, LOH fragmentation leads to memory pressure, inefficient garbage collection, and out-of-memory conditions causing container termination."
"Memory/SynchronousHttpClient.cs","20","cr-dotnet-0037","Synchronous HttpClient","Application uses HttpClient synchronously with .Result, .Wait(), or GetAwaiter().GetResult() for HTTP operations. Blocking HTTP calls reduce application throughput in high-concurrency cloud environments."
"Memory/SynchronousHttpClient.cs","31","cr-dotnet-0037","Synchronous HttpClient","Application uses HttpClient synchronously with .Result, .Wait(), or GetAwaiter().GetResult() for HTTP operations. Blocking HTTP calls reduce application throughput in high-concurrency cloud environments."
"Memory/SynchronousHttpClient.cs","41","cr-dotnet-0037","Synchronous HttpClient","Application uses HttpClient synchronously with .Result, .Wait(), or GetAwaiter().GetResult() for HTTP operations. Blocking HTTP calls reduce application throughput in high-concurrency cloud environments."
"Memory/SynchronousHttpClient.cs","50","cr-dotnet-0037","Synchronous HttpClient","Application uses HttpClient synchronously with .Result, .Wait(), or GetAwaiter().GetResult() for HTTP operations. Blocking HTTP calls reduce application throughput in high-concurrency cloud environments."
"Memory/SynchronousHttpClient.cs","64","cr-dotnet-0037","Synchronous HttpClient","Application uses HttpClient synchronously with .Result, .Wait(), or GetAwaiter().GetResult() for HTTP operations. Blocking HTTP calls reduce application throughput in high-concurrency cloud environments."
"Networking/DotNetRemoting.cs","16","cr-dotnet-0018",".NET Remoting Usage","Application uses .NET Remoting for distributed communication between application components. .NET Remoting has poor compatibility with cloud load balancers and modern cloud networking infrastructure, causing communication failures."
"Networking/DotNetRemoting.cs","27","cr-dotnet-0018",".NET Remoting Usage","Application uses .NET Remoting for distributed communication between application components. .NET Remoting has poor compatibility with cloud load balancers and modern cloud networking infrastructure, causing communication failures."
"Networking/DotNetRemoting.cs","36","cr-dotnet-0018",".NET Remoting Usage","Application uses .NET Remoting for distributed communication between application components. .NET Remoting has poor compatibility with cloud load balancers and modern cloud networking infrastructure, causing communication failures."
"Networking/UDPSocketProgramming.cs","21","cr-dotnet-0020","UDP Socket Programming","Application implements UDP socket programming for network communication. UDP protocols don't work reliably in cloud networking environments due to load balancing, NAT, and firewall configurations."
"Networking/UDPSocketProgramming.cs","27","cr-dotnet-0020","UDP Socket Programming","Application implements UDP socket programming for network communication. UDP protocols don't work reliably in cloud networking environments due to load balancing, NAT, and firewall configurations."
"Networking/UDPSocketProgramming.cs","38","cr-dotnet-0020","UDP Socket Programming","Application implements UDP socket programming for network communication. UDP protocols don't work reliably in cloud networking environments due to load balancing, NAT, and firewall configurations."
"Networking/UnsupportedProtocols.cs","18","cr-dotnet-0125","Unsupported Protocols","Application depends on legacy network protocols like FTP through FtpWebRequest, SMB/CIFS file shares via UNC paths, or other protocols that may not be supported in cloud networking environments."
"Networking/UnsupportedProtocols.cs","31","cr-dotnet-0125","Unsupported Protocols","Application depends on legacy network protocols like FTP through FtpWebRequest, SMB/CIFS file shares via UNC paths, or other protocols that may not be supported in cloud networking environments."
"Networking/UnsupportedProtocols.cs","38","cr-dotnet-0125","Unsupported Protocols","Application depends on legacy network protocols like FTP through FtpWebRequest, SMB/CIFS file shares via UNC paths, or other protocols that may not be supported in cloud networking environments."
"Networking/WCFNetTcpBinding.cs","24","cr-dotnet-0019","WCF NetTcpBinding","Application uses Windows Communication Foundation (WCF) with NetTcpBinding for service communication. Binary TCP protocols don't work well through cloud load balancers and proxy infrastructure, causing service communication failures."
"Networking/WCFNetTcpBinding.cs","33","cr-dotnet-0019","WCF NetTcpBinding","Application uses Windows Communication Foundation (WCF) with NetTcpBinding for service communication. Binary TCP protocols don't work well through cloud load balancers and proxy infrastructure, causing service communication failures."
"Networking/WCFServiceHost.cs","22","cr-dotnet-0027","WCF Service Host","Application implements self-hosted WCF services using ServiceHost or custom hosting mechanisms. Self-hosted services have port binding issues and service discovery problems in dynamic cloud environments."
"Networking/WCFServiceHost.cs","27","cr-dotnet-0027","WCF Service Host","Application implements self-hosted WCF services using ServiceHost or custom hosting mechanisms. Self-hosted services have port binding issues and service discovery problems in dynamic cloud environments."
"Networking/WCFServiceHost.cs","31","cr-dotnet-0027","WCF Service Host","Application implements self-hosted WCF services using ServiceHost or custom hosting mechanisms. Self-hosted services have port binding issues and service discovery problems in dynamic cloud environments."
"Platform/COMInterop.cs","16","cr-dotnet-0041","COM Interop Usage","Application uses Component Object Model (COM) interop through [ComImport], Marshal class, or COM object instantiation. COM components don't exist on non-Windows cloud platforms, causing complete interop failures and preventing cross-platform deployment."
"Platform/COMInterop.cs","29","cr-dotnet-0041","COM Interop Usage","Application uses Component Object Model (COM) interop through [ComImport], Marshal class, or COM object instantiation. COM components don't exist on non-Windows cloud platforms, causing complete interop failures and preventing cross-platform deployment."
"Platform/COMInterop.cs","36","cr-dotnet-0041","COM Interop Usage","Application uses Component Object Model (COM) interop through [ComImport], Marshal class, or COM object instantiation. COM components don't exist on non-Windows cloud platforms, causing complete interop failures and preventing cross-platform deployment."
"Platform/COMInterop.cs","51","cr-dotnet-0041","COM Interop Usage","Application uses Component Object Model (COM) interop through [ComImport], Marshal class, or COM object instantiation. COM components don't exist on non-Windows cloud platforms, causing complete interop failures and preventing cross-platform deployment."
"Platform/COMInterop.cs","56","cr-dotnet-0041","COM Interop Usage","Application uses Component Object Model (COM) interop through [ComImport], Marshal class, or COM object instantiation. COM components don't exist on non-Windows cloud platforms, causing complete interop failures and preventing cross-platform deployment."
"Platform/COMInterop.cs","73","cr-dotnet-0041","COM Interop Usage","Application uses Component Object Model (COM) interop through [ComImport], Marshal class, or COM object instantiation. COM components don't exist on non-Windows cloud platforms, causing complete interop failures and preventing cross-platform deployment."
"Platform/EnvironmentMachineName.cs","18","cr-dotnet-0053","Environment.MachineName","Application uses Environment.MachineName property to identify the hosting machine or for business logic decisions. In cloud environments, machine names are ephemeral and randomly generated, making machine name-based logic unreliable."
"Platform/EnvironmentMachineName.cs","24","cr-dotnet-0053","Environment.MachineName","Application uses Environment.MachineName property to identify the hosting machine or for business logic decisions. In cloud environments, machine names are ephemeral and randomly generated, making machine name-based logic unreliable."
"Platform/EnvironmentMachineName.cs","36","cr-dotnet-0053","Environment.MachineName","Application uses Environment.MachineName property to identify the hosting machine or for business logic decisions. In cloud environments, machine names are ephemeral and randomly generated, making machine name-based logic unreliable."
"Platform/EnvironmentMachineName.cs","44","cr-dotnet-0053","Environment.MachineName","Application uses Environment.MachineName property to identify the hosting machine or for business logic decisions. In cloud environments, machine names are ephemeral and randomly generated, making machine name-based logic unreliable."
"Platform/EnvironmentMachineName.cs","61","cr-dotnet-0053","Environment.MachineName","Application uses Environment.MachineName property to identify the hosting machine or for business logic decisions. In cloud environments, machine names are ephemeral and randomly generated, making machine name-based logic unreliable."
"Platform/EnvironmentMachineName.cs","69","cr-dotnet-0053","Environment.MachineName","Application uses Environment.MachineName property to identify the hosting machine or for business logic decisions. In cloud environments, machine names are ephemeral and randomly generated, making machine name-based logic unreliable."
"Platform/EnvironmentMachineName.cs","75","cr-dotnet-0053","Environment.MachineName","Application uses Environment.MachineName property to identify the hosting machine or for business logic decisions. In cloud environments, machine names are ephemeral and randomly generated, making machine name-based logic unreliable."
"Platform/IISModuleDeps.cs","15","cr-dotnet-0044","IIS Module Dependencies","Application depends on Internet Information Services (IIS) modules, handlers, or IIS-specific features. These dependencies prevent deployment to non-IIS cloud hosting environments and PaaS services."
"Platform/IISModuleDeps.cs","20","cr-dotnet-0044","IIS Module Dependencies","Application depends on Internet Information Services (IIS) modules, handlers, or IIS-specific features. These dependencies prevent deployment to non-IIS cloud hosting environments and PaaS services."
"Platform/IISModuleDeps.cs","29","cr-dotnet-0044","IIS Module Dependencies","Application depends on Internet Information Services (IIS) modules, handlers, or IIS-specific features. These dependencies prevent deployment to non-IIS cloud hosting environments and PaaS services."
"Platform/IISModuleDeps.cs","43","cr-dotnet-0044","IIS Module Dependencies","Application depends on Internet Information Services (IIS) modules, handlers, or IIS-specific features. These dependencies prevent deployment to non-IIS cloud hosting environments and PaaS services."
"Platform/IISModuleDeps.cs","51","cr-dotnet-0044","IIS Module Dependencies","Application depends on Internet Information Services (IIS) modules, handlers, or IIS-specific features. These dependencies prevent deployment to non-IIS cloud hosting environments and PaaS services."
"Platform/IISModuleDeps.cs","58","cr-dotnet-0044","IIS Module Dependencies","Application depends on Internet Information Services (IIS) modules, handlers, or IIS-specific features. These dependencies prevent deployment to non-IIS cloud hosting environments and PaaS services."
"Platform/IISModuleDeps.cs","77","cr-dotnet-0044","IIS Module Dependencies","Application depends on Internet Information Services (IIS) modules, handlers, or IIS-specific features. These dependencies prevent deployment to non-IIS cloud hosting environments and PaaS services."
"Platform/IISModuleDeps.cs","84","cr-dotnet-0044","IIS Module Dependencies","Application depends on Internet Information Services (IIS) modules, handlers, or IIS-specific features. These dependencies prevent deployment to non-IIS cloud hosting environments and PaaS services."
"Platform/MSMQMessageQueue.cs","18","cr-dotnet-0043","Message Queue","Application depends on Microsoft Message Queuing (MSMQ) through System.Messaging for asynchronous communication. MSMQ service doesn't exist in cloud platforms, causing message queue operations to fail completely."
"Platform/MSMQMessageQueue.cs","23","cr-dotnet-0043","Message Queue","Application depends on Microsoft Message Queuing (MSMQ) through System.Messaging for asynchronous communication. MSMQ service doesn't exist in cloud platforms, causing message queue operations to fail completely."
"Platform/MSMQMessageQueue.cs","30","cr-dotnet-0043","Message Queue","Application depends on Microsoft Message Queuing (MSMQ) through System.Messaging for asynchronous communication. MSMQ service doesn't exist in cloud platforms, causing message queue operations to fail completely."
"Platform/MSMQMessageQueue.cs","44","cr-dotnet-0043","Message Queue","Application depends on Microsoft Message Queuing (MSMQ) through System.Messaging for asynchronous communication. MSMQ service doesn't exist in cloud platforms, causing message queue operations to fail completely."
"Platform/MSMQMessageQueue.cs","52","cr-dotnet-0043","Message Queue","Application depends on Microsoft Message Queuing (MSMQ) through System.Messaging for asynchronous communication. MSMQ service doesn't exist in cloud platforms, causing message queue operations to fail completely."
"Platform/MSMQMessageQueue.cs","64","cr-dotnet-0043","Message Queue","Application depends on Microsoft Message Queuing (MSMQ) through System.Messaging for asynchronous communication. MSMQ service doesn't exist in cloud platforms, causing message queue operations to fail completely."
"Platform/MSMQMessageQueue.cs","74","cr-dotnet-0043","Message Queue","Application depends on Microsoft Message Queuing (MSMQ) through System.Messaging for asynchronous communication. MSMQ service doesn't exist in cloud platforms, causing message queue operations to fail completely."
"Platform/MutexMachineWide.cs","18","cr-dotnet-0052","Mutex Machine-Wide","Application uses machine-wide named mutexes through System.Threading.Mutex for process synchronization. Machine-wide mutexes don't work in distributed cloud systems where processes run across multiple instances."
"Platform/MutexMachineWide.cs","24","cr-dotnet-0052","Mutex Machine-Wide","Application uses machine-wide named mutexes through System.Threading.Mutex for process synchronization. Machine-wide mutexes don't work in distributed cloud systems where processes run across multiple instances."
"Platform/MutexMachineWide.cs","47","cr-dotnet-0052","Mutex Machine-Wide","Application uses machine-wide named mutexes through System.Threading.Mutex for process synchronization. Machine-wide mutexes don't work in distributed cloud systems where processes run across multiple instances."
"Platform/MutexMachineWide.cs","53","cr-dotnet-0052","Mutex Machine-Wide","Application uses machine-wide named mutexes through System.Threading.Mutex for process synchronization. Machine-wide mutexes don't work in distributed cloud systems where processes run across multiple instances."
"Platform/MutexMachineWide.cs","81","cr-dotnet-0052","Mutex Machine-Wide","Application uses machine-wide named mutexes through System.Threading.Mutex for process synchronization. Machine-wide mutexes don't work in distributed cloud systems where processes run across multiple instances."
"Platform/NamedPipesLocal.cs","20","cr-dotnet-0051","Named Pipes Local","Application uses local named pipes through System.IO.Pipes.NamedPipeServerStream for inter-process communication. Local named pipes don't work across distributed cloud environments, breaking IPC mechanisms."
"Platform/NamedPipesLocal.cs","25","cr-dotnet-0051","Named Pipes Local","Application uses local named pipes through System.IO.Pipes.NamedPipeServerStream for inter-process communication. Local named pipes don't work across distributed cloud environments, breaking IPC mechanisms."
"Platform/NamedPipesLocal.cs","33","cr-dotnet-0051","Named Pipes Local","Application uses local named pipes through System.IO.Pipes.NamedPipeServerStream for inter-process communication. Local named pipes don't work across distributed cloud environments, breaking IPC mechanisms."
"Platform/NamedPipesLocal.cs","50","cr-dotnet-0051","Named Pipes Local","Application uses local named pipes through System.IO.Pipes.NamedPipeServerStream for inter-process communication. Local named pipes don't work across distributed cloud environments, breaking IPC mechanisms."
"Platform/NamedPipesLocal.cs","57","cr-dotnet-0051","Named Pipes Local","Application uses local named pipes through System.IO.Pipes.NamedPipeServerStream for inter-process communication. Local named pipes don't work across distributed cloud environments, breaking IPC mechanisms."
"Platform/NamedPipesLocal.cs","73","cr-dotnet-0051","Named Pipes Local","Application uses local named pipes through System.IO.Pipes.NamedPipeServerStream for inter-process communication. Local named pipes don't work across distributed cloud environments, breaking IPC mechanisms."
"Platform/PInvokeWindowsAPIs.cs","19","cr-dotnet-0042","P/Invoke Windows APIs","Application uses Platform Invoke (P/Invoke) to call Windows-specific APIs through DllImport attributes targeting kernel32.dll, user32.dll, or other Windows system libraries. These APIs don't exist on non-Windows cloud platforms, causing native call failures."
"Platform/PInvokeWindowsAPIs.cs","23","cr-dotnet-0042","P/Invoke Windows APIs","Application uses Platform Invoke (P/Invoke) to call Windows-specific APIs through DllImport attributes targeting kernel32.dll, user32.dll, or other Windows system libraries. These APIs don't exist on non-Windows cloud platforms, causing native call failures."
"Platform/PInvokeWindowsAPIs.cs","27","cr-dotnet-0042","P/Invoke Windows APIs","Application uses Platform Invoke (P/Invoke) to call Windows-specific APIs through DllImport attributes targeting kernel32.dll, user32.dll, or other Windows system libraries. These APIs don't exist on non-Windows cloud platforms, causing native call failures."
"Platform/PInvokeWindowsAPIs.cs","31","cr-dotnet-0042","P/Invoke Windows APIs","Application uses Platform Invoke (P/Invoke) to call Windows-specific APIs through DllImport attributes targeting kernel32.dll, user32.dll, or other Windows system libraries. These APIs don't exist on non-Windows cloud platforms, causing native call failures."
"Platform/PInvokeWindowsAPIs.cs","55","cr-dotnet-0042","P/Invoke Windows APIs","Application uses Platform Invoke (P/Invoke) to call Windows-specific APIs through DllImport attributes targeting kernel32.dll, user32.dll, or other Windows system libraries. These APIs don't exist on non-Windows cloud platforms, causing native call failures."
"Platform/PInvokeWindowsAPIs.cs","65","cr-dotnet-0042","P/Invoke Windows APIs","Application uses Platform Invoke (P/Invoke) to call Windows-specific APIs through DllImport attributes targeting kernel32.dll, user32.dll, or other Windows system libraries. These APIs don't exist on non-Windows cloud platforms, causing native call failures."
"Platform/PInvokeWindowsAPIs.cs","71","cr-dotnet-0042","P/Invoke Windows APIs","Application uses Platform Invoke (P/Invoke) to call Windows-specific APIs through DllImport attributes targeting kernel32.dll, user32.dll, or other Windows system libraries. These APIs don't exist on non-Windows cloud platforms, causing native call failures."
"Platform/PInvokeWindowsAPIs.cs","77","cr-dotnet-0042","P/Invoke Windows APIs","Application uses Platform Invoke (P/Invoke) to call Windows-specific APIs through DllImport attributes targeting kernel32.dll, user32.dll, or other Windows system libraries. These APIs don't exist on non-Windows cloud platforms, causing native call failures."
"Platform/PerformanceCounters.cs","18","cr-dotnet-0050","Performance Counters","Application uses Windows Performance Counters through System.Diagnostics.PerformanceCounter for monitoring and instrumentation. Performance Counters don't exist on non-Windows cloud platforms, causing monitoring failures."
"Platform/PerformanceCounters.cs","26","cr-dotnet-0050","Performance Counters","Application uses Windows Performance Counters through System.Diagnostics.PerformanceCounter for monitoring and instrumentation. Performance Counters don't exist on non-Windows cloud platforms, causing monitoring failures."
"Platform/PerformanceCounters.cs","40","cr-dotnet-0050","Performance Counters","Application uses Windows Performance Counters through System.Diagnostics.PerformanceCounter for monitoring and instrumentation. Performance Counters don't exist on non-Windows cloud platforms, causing monitoring failures."
"Platform/PerformanceCounters.cs","45","cr-dotnet-0050","Performance Counters","Application uses Windows Performance Counters through System.Diagnostics.PerformanceCounter for monitoring and instrumentation. Performance Counters don't exist on non-Windows cloud platforms, causing monitoring failures."
"Platform/PerformanceCounters.cs","49","cr-dotnet-0050","Performance Counters","Application uses Windows Performance Counters through System.Diagnostics.PerformanceCounter for monitoring and instrumentation. Performance Counters don't exist on non-Windows cloud platforms, causing monitoring failures."
"Platform/PerformanceCounters.cs","56","cr-dotnet-0050","Performance Counters","Application uses Windows Performance Counters through System.Diagnostics.PerformanceCounter for monitoring and instrumentation. Performance Counters don't exist on non-Windows cloud platforms, causing monitoring failures."
"Platform/PerformanceCounters.cs","67","cr-dotnet-0050","Performance Counters","Application uses Windows Performance Counters through System.Diagnostics.PerformanceCounter for monitoring and instrumentation. Performance Counters don't exist on non-Windows cloud platforms, causing monitoring failures."
"Platform/RegistryAccess.cs","18","cr-dotnet-0040","Registry Access","Application accesses Windows Registry using Microsoft.Win32.Registry or RegistryKey classes for configuration or data storage. Windows Registry doesn't exist on non-Windows cloud platforms, causing registry access failures."
"Platform/RegistryAccess.cs","28","cr-dotnet-0040","Registry Access","Application accesses Windows Registry using Microsoft.Win32.Registry or RegistryKey classes for configuration or data storage. Windows Registry doesn't exist on non-Windows cloud platforms, causing registry access failures."
"Platform/RegistryAccess.cs","39","cr-dotnet-0040","Registry Access","Application accesses Windows Registry using Microsoft.Win32.Registry or RegistryKey classes for configuration or data storage. Windows Registry doesn't exist on non-Windows cloud platforms, causing registry access failures."
"Platform/RegistryAccess.cs","49","cr-dotnet-0040","Registry Access","Application accesses Windows Registry using Microsoft.Win32.Registry or RegistryKey classes for configuration or data storage. Windows Registry doesn't exist on non-Windows cloud platforms, causing registry access failures."
"Platform/RegistryAccess.cs","59","cr-dotnet-0040","Registry Access","Application accesses Windows Registry using Microsoft.Win32.Registry or RegistryKey classes for configuration or data storage. Windows Registry doesn't exist on non-Windows cloud platforms, causing registry access failures."
"Runtime/ClockTimeDependencies.cs","19","cr-dotnet-0121","Clock/Time Dependencies","Application relies on server-local timezone settings using DateTime.Now, TimeZone.CurrentTimeZone, or implements scheduled operations without considering distributed cloud environments. In cloud deployments across multiple regions, timezone inconsistencies cause scheduling failures."
"Runtime/ClockTimeDependencies.cs","26","cr-dotnet-0121","Clock/Time Dependencies","Application relies on server-local timezone settings using DateTime.Now, TimeZone.CurrentTimeZone, or implements scheduled operations without considering distributed cloud environments. In cloud deployments across multiple regions, timezone inconsistencies cause scheduling failures."
"Runtime/ClockTimeDependencies.cs","35","cr-dotnet-0121","Clock/Time Dependencies","Application relies on server-local timezone settings using DateTime.Now, TimeZone.CurrentTimeZone, or implements scheduled operations without considering distributed cloud environments. In cloud deployments across multiple regions, timezone inconsistencies cause scheduling failures."
"Runtime/ClockTimeDependencies.cs","41","cr-dotnet-0121","Clock/Time Dependencies","Application relies on server-local timezone settings using DateTime.Now, TimeZone.CurrentTimeZone, or implements scheduled operations without considering distributed cloud environments. In cloud deployments across multiple regions, timezone inconsistencies cause scheduling failures."
"Runtime/ClockTimeDependencies.cs","55","cr-dotnet-0121","Clock/Time Dependencies","Application relies on server-local timezone settings using DateTime.Now, TimeZone.CurrentTimeZone, or implements scheduled operations without considering distributed cloud environments. In cloud deployments across multiple regions, timezone inconsistencies cause scheduling failures."
"Runtime/ClockTimeDependencies.cs","61","cr-dotnet-0121","Clock/Time Dependencies","Application relies on server-local timezone settings using DateTime.Now, TimeZone.CurrentTimeZone, or implements scheduled operations without considering distributed cloud environments. In cloud deployments across multiple regions, timezone inconsistencies cause scheduling failures."
"Runtime/ClockTimeDependencies.cs","67","cr-dotnet-0121","Clock/Time Dependencies","Application relies on server-local timezone settings using DateTime.Now, TimeZone.CurrentTimeZone, or implements scheduled operations without considering distributed cloud environments. In cloud deployments across multiple regions, timezone inconsistencies cause scheduling failures."
"Runtime/ClockTimeDependencies.cs","76","cr-dotnet-0121","Clock/Time Dependencies","Application relies on server-local timezone settings using DateTime.Now, TimeZone.CurrentTimeZone, or implements scheduled operations without considering distributed cloud environments. In cloud deployments across multiple regions, timezone inconsistencies cause scheduling failures."
"Runtime/ClockTimeDependencies.cs","81","cr-dotnet-0121","Clock/Time Dependencies","Application relies on server-local timezone settings using DateTime.Now, TimeZone.CurrentTimeZone, or implements scheduled operations without considering distributed cloud environments. In cloud deployments across multiple regions, timezone inconsistencies cause scheduling failures."
"Runtime/MissingShutdownHooks.cs","26","cr-dotnet-0127","Missing Graceful Shutdown Hooks","Application lacks proper shutdown event handling through AppDomain.ProcessExit, Console.CancelKeyPress, IHostedService.StopAsync, or other graceful shutdown mechanisms. This affects proper application lifecycle management in cloud environments."
"Runtime/MissingShutdownHooks.cs","41","cr-dotnet-0127","Missing Graceful Shutdown Hooks","Application lacks proper shutdown event handling through AppDomain.ProcessExit, Console.CancelKeyPress, IHostedService.StopAsync, or other graceful shutdown mechanisms. This affects proper application lifecycle management in cloud environments."
"Runtime/MissingShutdownHooks.cs","53","cr-dotnet-0127","Missing Graceful Shutdown Hooks","Application lacks proper shutdown event handling through AppDomain.ProcessExit, Console.CancelKeyPress, IHostedService.StopAsync, or other graceful shutdown mechanisms. This affects proper application lifecycle management in cloud environments."
"Runtime/MissingShutdownHooks.cs","68","cr-dotnet-0127","Missing Graceful Shutdown Hooks","Application lacks proper shutdown event handling through AppDomain.ProcessExit, Console.CancelKeyPress, IHostedService.StopAsync, or other graceful shutdown mechanisms. This affects proper application lifecycle management in cloud environments."
"Runtime/MissingShutdownHooks.cs","90","cr-dotnet-0127","Missing Graceful Shutdown Hooks","Application lacks proper shutdown event handling through AppDomain.ProcessExit, Console.CancelKeyPress, IHostedService.StopAsync, or other graceful shutdown mechanisms. This affects proper application lifecycle management in cloud environments."
"Runtime/MissingShutdownHooks.cs","112","cr-dotnet-0127","Missing Graceful Shutdown Hooks","Application lacks proper shutdown event handling through AppDomain.ProcessExit, Console.CancelKeyPress, IHostedService.StopAsync, or other graceful shutdown mechanisms. This affects proper application lifecycle management in cloud environments."
"Runtime/MissingShutdownHooks.cs","113","cr-dotnet-0127","Missing Graceful Shutdown Hooks","Application lacks proper shutdown event handling through AppDomain.ProcessExit, Console.CancelKeyPress, IHostedService.StopAsync, or other graceful shutdown mechanisms. This affects proper application lifecycle management in cloud environments."
"Runtime/MissingShutdownHooks.cs","114","cr-dotnet-0127","Missing Graceful Shutdown Hooks","Application lacks proper shutdown event handling through AppDomain.ProcessExit, Console.CancelKeyPress, IHostedService.StopAsync, or other graceful shutdown mechanisms. This affects proper application lifecycle management in cloud environments."
"Runtime/StatefulMiddleware.cs","18","cr-dotnet-0126","Heavy Coupling to Stateful Middleware","Application is tightly integrated with stateful middleware features like IIS application pool sticky sessions, WCF session-based services, that don't translate to cloud-native stateless architectures and horizontal scaling patterns."
"Runtime/StatefulMiddleware.cs","25","cr-dotnet-0126","Heavy Coupling to Stateful Middleware","Application is tightly integrated with stateful middleware features like IIS application pool sticky sessions, WCF session-based services, that don't translate to cloud-native stateless architectures and horizontal scaling patterns."
"Runtime/StatefulMiddleware.cs","45","cr-dotnet-0126","Heavy Coupling to Stateful Middleware","Application is tightly integrated with stateful middleware features like IIS application pool sticky sessions, WCF session-based services, that don't translate to cloud-native stateless architectures and horizontal scaling patterns."
"Runtime/StatefulMiddleware.cs","59","cr-dotnet-0126","Heavy Coupling to Stateful Middleware","Application is tightly integrated with stateful middleware features like IIS application pool sticky sessions, WCF session-based services, that don't translate to cloud-native stateless architectures and horizontal scaling patterns."
"Runtime/StatefulMiddleware.cs","64","cr-dotnet-0126","Heavy Coupling to Stateful Middleware","Application is tightly integrated with stateful middleware features like IIS application pool sticky sessions, WCF session-based services, that don't translate to cloud-native stateless architectures and horizontal scaling patterns."
"Runtime/StatefulMiddleware.cs","78","cr-dotnet-0126","Heavy Coupling to Stateful Middleware","Application is tightly integrated with stateful middleware features like IIS application pool sticky sessions, WCF session-based services, that don't translate to cloud-native stateless architectures and horizontal scaling patterns."
"Runtime/StatefulMiddleware.cs","93","cr-dotnet-0126","Heavy Coupling to Stateful Middleware","Application is tightly integrated with stateful middleware features like IIS application pool sticky sessions, WCF session-based services, that don't translate to cloud-native stateless architectures and horizontal scaling patterns."
"State/IISApplicationState.cs","18","cr-dotnet-0005","IIS Application State","Application stores data in HttpApplication.Application state object which creates server affinity and prevents horizontal scaling. Application state is server-specific and not shared across multiple instances, causing data inconsistency in load-balanced cloud environments."
"State/IISApplicationState.cs","26","cr-dotnet-0005","IIS Application State","Application stores data in HttpApplication.Application state object which creates server affinity and prevents horizontal scaling. Application state is server-specific and not shared across multiple instances, causing data inconsistency in load-balanced cloud environments."
"State/IISApplicationState.cs","32","cr-dotnet-0005","IIS Application State","Application stores data in HttpApplication.Application state object which creates server affinity and prevents horizontal scaling. Application state is server-specific and not shared across multiple instances, causing data inconsistency in load-balanced cloud environments."
"State/MemoryCacheNoExpiry.cs","16","cr-dotnet-0007","MemoryCache Without Expiration","Application uses System.Runtime.Caching.MemoryCache or Microsoft.Extensions.Caching.Memory without proper expiration policies. This causes memory growth and stale data inconsistencies across multiple instances in distributed cloud environments."
"State/MemoryCacheNoExpiry.cs","24","cr-dotnet-0007","MemoryCache Without Expiration","Application uses System.Runtime.Caching.MemoryCache or Microsoft.Extensions.Caching.Memory without proper expiration policies. This causes memory growth and stale data inconsistencies across multiple instances in distributed cloud environments."
"State/MemoryCacheNoExpiry.cs","30","cr-dotnet-0007","MemoryCache Without Expiration","Application uses System.Runtime.Caching.MemoryCache or Microsoft.Extensions.Caching.Memory without proper expiration policies. This causes memory growth and stale data inconsistencies across multiple instances in distributed cloud environments."
"State/MemoryCacheNoExpiry.cs","36","cr-dotnet-0007","MemoryCache Without Expiration","Application uses System.Runtime.Caching.MemoryCache or Microsoft.Extensions.Caching.Memory without proper expiration policies. This causes memory growth and stale data inconsistencies across multiple instances in distributed cloud environments."
"State/OutputCacheInMemory.cs","19","cr-dotnet-0046","Output Cache Provider","Application uses in-memory output caching through System.Web.Caching.OutputCache or [OutputCache] attributes. In-memory caches don't synchronize across multiple instances, causing cache inconsistency."
"State/OutputCacheInMemory.cs","27","cr-dotnet-0046","Output Cache Provider","Application uses in-memory output caching through System.Web.Caching.OutputCache or [OutputCache] attributes. In-memory caches don't synchronize across multiple instances, causing cache inconsistency."
"State/OutputCacheInMemory.cs","33","cr-dotnet-0046","Output Cache Provider","Application uses in-memory output caching through System.Web.Caching.OutputCache or [OutputCache] attributes. In-memory caches don't synchronize across multiple instances, causing cache inconsistency."
"State/SessionStateInProc.cs","18","cr-dotnet-0045","Session State Provider","Application uses in-process session state (InProc) for user session management through HttpSessionState. In-process sessions create server affinity and don't scale across multiple instances."
"State/SessionStateInProc.cs","24","cr-dotnet-0045","Session State Provider","Application uses in-process session state (InProc) for user session management through HttpSessionState. In-process sessions create server affinity and don't scale across multiple instances."
"State/SessionStateInProc.cs","30","cr-dotnet-0045","Session State Provider","Application uses in-process session state (InProc) for user session management through HttpSessionState. In-process sessions create server affinity and don't scale across multiple instances."
"State/SessionStateInProc.cs","37","cr-dotnet-0045","Session State Provider","Application uses in-process session state (InProc) for user session management through HttpSessionState. In-process sessions create server affinity and don't scale across multiple instances."
"State/SingletonWithState.cs","15","cr-dotnet-0008","Singleton Pattern with State","Application implements singleton design pattern with mutable internal state using static properties or fields. In multi-instance cloud deployments, each instance creates its own singleton instance, violating the singleton contract and causing state inconsistency."
"State/SingletonWithState.cs","19","cr-dotnet-0008","Singleton Pattern with State","Application implements singleton design pattern with mutable internal state using static properties or fields. In multi-instance cloud deployments, each instance creates its own singleton instance, violating the singleton contract and causing state inconsistency."
"State/StaticCollectionsState.cs","16","cr-dotnet-0006","Static Collections for State","Application uses static collections (List<T>, Dictionary<T,K>, etc.) to store mutable application state. In multi-instance cloud deployments, each instance maintains separate static collection states, leading to data inconsistency and unpredictable application behavior."
"State/StaticCollectionsState.cs","20","cr-dotnet-0006","Static Collections for State","Application uses static collections (List<T>, Dictionary<T,K>, etc.) to store mutable application state. In multi-instance cloud deployments, each instance maintains separate static collection states, leading to data inconsistency and unpredictable application behavior."
"State/StaticCollectionsState.cs","24","cr-dotnet-0006","Static Collections for State","Application uses static collections (List<T>, Dictionary<T,K>, etc.) to store mutable application state. In multi-instance cloud deployments, each instance maintains separate static collection states, leading to data inconsistency and unpredictable application behavior."
"State/StaticCollectionsState.cs","40","cr-dotnet-0006","Static Collections for State","Application uses static collections (List<T>, Dictionary<T,K>, etc.) to store mutable application state. In multi-instance cloud deployments, each instance maintains separate static collection states, leading to data inconsistency and unpredictable application behavior."
"Threading/BlockingCollectionOps.cs","16","cr-dotnet-0039","Blocking Collection Operations","Application uses blocking operations on collections like BlockingCollection<T>.Take() or producer-consumer patterns without timeout handling. Blocking operations reduce scalability in distributed cloud environments."
"Threading/BlockingCollectionOps.cs","24","cr-dotnet-0039","Blocking Collection Operations","Application uses blocking operations on collections like BlockingCollection<T>.Take() or producer-consumer patterns without timeout handling. Blocking operations reduce scalability in distributed cloud environments."
"Threading/BlockingCollectionOps.cs","32","cr-dotnet-0039","Blocking Collection Operations","Application uses blocking operations on collections like BlockingCollection<T>.Take() or producer-consumer patterns without timeout handling. Blocking operations reduce scalability in distributed cloud environments."
"Threading/BlockingCollectionOps.cs","39","cr-dotnet-0039","Blocking Collection Operations","Application uses blocking operations on collections like BlockingCollection<T>.Take() or producer-consumer patterns without timeout handling. Blocking operations reduce scalability in distributed cloud environments."
"Threading/FixedThreadAffinity.cs","20","cr-dotnet-0124","Fixed Thread Affinity/Pinning","Application attempts to control thread processor affinity using Process.ProcessorAffinity or makes assumptions about CPU core binding. Cloud environments have dynamic CPU allocation without guaranteed specific core assignments, causing affinity operations to fail."
"Threading/FixedThreadAffinity.cs","28","cr-dotnet-0124","Fixed Thread Affinity/Pinning","Application attempts to control thread processor affinity using Process.ProcessorAffinity or makes assumptions about CPU core binding. Cloud environments have dynamic CPU allocation without guaranteed specific core assignments, causing affinity operations to fail."
"Threading/FixedThreadAffinity.cs","38","cr-dotnet-0124","Fixed Thread Affinity/Pinning","Application attempts to control thread processor affinity using Process.ProcessorAffinity or makes assumptions about CPU core binding. Cloud environments have dynamic CPU allocation without guaranteed specific core assignments, causing affinity operations to fail."
"Threading/HardCodedThreadPool.cs","17","cr-dotnet-0022","Hard-coded ThreadPool Size","Application configures ThreadPool with fixed minimum and maximum thread counts. These hard-coded values don't adapt to varying cloud resource availability and prevent optimal resource utilization across different cloud instance types."
"Threading/HardCodedThreadPool.cs","24","cr-dotnet-0022","Hard-coded ThreadPool Size","Application configures ThreadPool with fixed minimum and maximum thread counts. These hard-coded values don't adapt to varying cloud resource availability and prevent optimal resource utilization across different cloud instance types."
"Threading/HardCodedThreadPool.cs","32","cr-dotnet-0022","Hard-coded ThreadPool Size","Application configures ThreadPool with fixed minimum and maximum thread counts. These hard-coded values don't adapt to varying cloud resource availability and prevent optimal resource utilization across different cloud instance types."
"Threading/ThreadStartUsage.cs","19","cr-dotnet-0021","Thread.Start() Usage","Application creates threads directly using Thread.Start() without proper limits or resource management. In cloud environments with shared resources, unbounded thread creation can cause resource exhaustion and affect application performance."
"Threading/ThreadStartUsage.cs","28","cr-dotnet-0021","Thread.Start() Usage","Application creates threads directly using Thread.Start() without proper limits or resource management. In cloud environments with shared resources, unbounded thread creation can cause resource exhaustion and affect application performance."
"Threading/ThreadStartUsage.cs","38","cr-dotnet-0021","Thread.Start() Usage","Application creates threads directly using Thread.Start() without proper limits or resource management. In cloud environments with shared resources, unbounded thread creation can cause resource exhaustion and affect application performance."
"Threading/ThreadStaticAttribute.cs","16","cr-dotnet-0023","ThreadStatic Attribute","Application uses [ThreadStatic] attribute to store thread-local data. In cloud hosting environments with thread pooling and request recycling, ThreadStatic variables can cause memory leaks and unpredictable behavior."
"Threading/ThreadStaticAttribute.cs","28","cr-dotnet-0023","ThreadStatic Attribute","Application uses [ThreadStatic] attribute to store thread-local data. In cloud hosting environments with thread pooling and request recycling, ThreadStatic variables can cause memory leaks and unpredictable behavior."
"Threading/ThreadStaticAttribute.cs","36","cr-dotnet-0023","ThreadStatic Attribute","Application uses [ThreadStatic] attribute to store thread-local data. In cloud hosting environments with thread pooling and request recycling, ThreadStatic variables can cause memory leaks and unpredictable behavior."
"Threading/TimerNoSync.cs","18","cr-dotnet-0024","Timer Without Synchronization","Application uses System.Threading.Timer or System.Timers.Timer for scheduled operations without coordination mechanisms across multiple instances. In horizontally scaled cloud deployments, multiple instances execute the same operations simultaneously."
"Threading/TimerNoSync.cs","24","cr-dotnet-0024","Timer Without Synchronization","Application uses System.Threading.Timer or System.Timers.Timer for scheduled operations without coordination mechanisms across multiple instances. In horizontally scaled cloud deployments, multiple instances execute the same operations simultaneously."
"Threading/TimerNoSync.cs","28","cr-dotnet-0024","Timer Without Synchronization","Application uses System.Threading.Timer or System.Timers.Timer for scheduled operations without coordination mechanisms across multiple instances. In horizontally scaled cloud deployments, multiple instances execute the same operations simultaneously."
